name,host_name
The Owl's Nest Studio Apt,Ann
The Artist Retreat~$375 Free Activities Daily,Corey
"""The Birdhouse"" Eclectic Mountain Vibes w/ a view",Krissy
Asheville Walkable Modern Haven,Barbara Ann
Victoria's Cottage in the Paris of the South,Victoria
Large Windows Overlooking Historic Church Street,Brian
West Asheville Haven,Jaclyn
Remodeled 1BR | Deck | Washer/Dryer,Vacasa North Carolina
"Unique & Cozy Arden Cabin, 6 Mi to Blue Ridge Pkwy",Evolve
Downtown Asheville Condo-King Bed-Full Kitchen,DeVore Property
Entire House with Fenced in Yard in Asheville,Sean
Blue Ridge Mountain Cottage-Epic Mountain View,David And Lisa
"Asheville-Biltmore 15 min, View, Hot Tub, 3 kings",Cassie & Jeremy
Cozy Downtown Apartment,Rosi
Newly Built 6BR Net Zero Home 5 mins to Biltmore,Molly Rose
"The Hidden Gem in Asheville, NC.",David
Beer City Room - Heart of West Asheville,Guy
The Blue Door ~ entire house,Jennifer
"Stunning, Light filled, 3-4 BR 3 Bath Luxury Home",Elliot
"4BR Home Minutes to Downtown, RAD & Biltmore",Buna
Creekside ~ w/HOTTUB~  8 miles to downtown Ashe NC,Karl
CC's Cabin with Hot Tub,Crystal
Modern Biltmore Village Guest Suite,Heather
Charming 3/2 Dog friendly home near Asheville,Terri
Affordable Stay: 3 Rooms w/ Kitchen & Breakfast,RoomPicks By Antony
The Charming Chalet with Gorgeous Mountain Views,Shannon Kate
Lofts at Woolworth in downtown Asheville NC! #204,Scott
NY Style-STR 3 mi to Mission & 1 Mi to Downtown,Rose
West Asheville Blue Mountains Bedroom!,Andi
Country Chic House with a Hot Tub Near Downtown Asheville,Melissa
